,image_path,predicted_probability,predicted_labels,true_labels,label_match
0,Input_Files/Testing_Images/Pineapple/Pineapple-r_276_100.jpg,0.8682025074958801,1,1,True
1,Input_Files/Testing_Images/Pineapple/Pineapple-307_100.jpg,0.9506623148918152,1,1,True
2,Input_Files/Testing_Images/NotPineapple/Cherry-r_65_100.jpg,-0.949786901473999,0,0,True
3,Input_Files/Testing_Images/Pineapple/Pineapple-232_100.jpg,0.9140104651451111,1,1,True
4,Input_Files/Testing_Images/Pineapple/Pineapple-r_80_100.jpg,0.9282249212265015,1,1,True
5,Input_Files/Testing_Images/Pineapple/Pineapple-r_147_100.jpg,0.9336047768592834,1,1,True
6,Input_Files/Testing_Images/NotPineapple/Apple_Golden_3-73_100.jpg,0.597003698348999,1,0,False
7,Input_Files/Testing_Images/NotPineapple/Grapefruit_Pink-280_100.jpg,-0.6748164296150208,0,0,True
8,Input_Files/Testing_Images/Pineapple/Pineapple-r_110_100.jpg,0.9069790244102478,1,1,True
9,Input_Files/Testing_Images/NotPineapple/Apple_Red_1-64_100.jpg,0.8276898264884949,1,0,False
10,Input_Files/Testing_Images/Pineapple/Pineapple-r_221_100.jpg,0.9040499329566956,1,1,True
11,Input_Files/Testing_Images/NotPineapple/Tangelo-r_135_100.jpg,0.5629910230636597,1,0,False
12,Input_Files/Testing_Images/NotPineapple/Pitahaya_Red-182_100.jpg,0.6807769536972046,1,0,False
13,Input_Files/Testing_Images/NotPineapple/Raspberry-208_100.jpg,-0.5619373321533203,0,0,True
14,Input_Files/Testing_Images/NotPineapple/Apricot-r_67_100.jpg,-0.783400297164917,0,0,True
15,Input_Files/Testing_Images/NotPineapple/Nectarine-r_6_100.jpg,0.8381080031394958,1,0,False
16,Input_Files/Testing_Images/NotPineapple/Apple_Red_1-7_100.jpg,0.8664560317993164,1,0,False
17,Input_Files/Testing_Images/NotPineapple/Plum-r_49_100.jpg,0.7240290641784668,1,0,False
18,Input_Files/Testing_Images/Pineapple/Pineapple-239_100.jpg,0.9360119104385376,1,1,True
19,Input_Files/Testing_Images/NotPineapple/Peach-r_62_100.jpg,0.8413214683532715,1,0,False
20,Input_Files/Testing_Images/NotPineapple/Apple_Golden_1-32_100.jpg,-0.5894752740859985,0,0,True
21,Input_Files/Testing_Images/Pineapple/Pineapple-209_100.jpg,0.9364356398582458,1,1,True
22,Input_Files/Testing_Images/Pineapple/Pineapple-r_76_100.jpg,0.9248135089874268,1,1,True
23,Input_Files/Testing_Images/Pineapple/Pineapple-196_100.jpg,0.9208511710166931,1,1,True
24,Input_Files/Testing_Images/Pineapple/Pineapple-214_100.jpg,0.9313991069793701,1,1,True
25,Input_Files/Testing_Images/Pineapple/Pineapple-193_100.jpg,0.9250362515449524,1,1,True
26,Input_Files/Testing_Images/Pineapple/Pineapple-233_100.jpg,0.9221398234367371,1,1,True
27,Input_Files/Testing_Images/Pineapple/Pineapple-273_100.jpg,0.9593575596809387,1,1,True
28,Input_Files/Testing_Images/NotPineapple/Cocos-r_172_100.jpg,0.7739588618278503,1,0,False
29,Input_Files/Testing_Images/NotPineapple/Strawberry-44_100.jpg,-0.6680610775947571,0,0,True
30,Input_Files/Testing_Images/NotPineapple/Salak-157_100.jpg,-0.5384076237678528,0,0,True
31,Input_Files/Testing_Images/Pineapple/Pineapple-72_100.jpg,0.9580458402633667,1,1,True
32,Input_Files/Testing_Images/NotPineapple/Litchi-r_7_100.jpg,0.5683845281600952,1,0,False
33,Input_Files/Testing_Images/NotPineapple/Kiwi-r_81_100.jpg,0.5991849899291992,1,0,False
34,Input_Files/Testing_Images/NotPineapple/Kaki-3_100.jpg,-0.5977342128753662,0,0,True
35,Input_Files/Testing_Images/NotPineapple/Mango-1_100.jpg,0.6836513876914978,1,0,False
36,Input_Files/Testing_Images/Pineapple/Pineapple-192_100.jpg,0.9228603839874268,1,1,True
37,Input_Files/Testing_Images/NotPineapple/Raspberry-r_38_100.jpg,-0.591316282749176,0,0,True
38,Input_Files/Testing_Images/NotPineapple/Peach_Flat-r_71_100.jpg,0.6118387579917908,1,0,False
39,Input_Files/Testing_Images/Pineapple/Pineapple-r_79_100.jpg,0.9289566874504089,1,1,True
40,Input_Files/Testing_Images/Pineapple/Pineapple-r_228_100.jpg,0.9033652544021606,1,1,True
41,Input_Files/Testing_Images/Pineapple/Pineapple-143_100.jpg,0.9534515738487244,1,1,True
42,Input_Files/Testing_Images/Pineapple/Pineapple-r_243_100.jpg,0.9051513671875,1,1,True
43,Input_Files/Testing_Images/NotPineapple/Mandarine-210_100.jpg,-0.5751751661300659,0,0,True
44,Input_Files/Testing_Images/Pineapple/Pineapple-191_100.jpg,0.9253080487251282,1,1,True
45,Input_Files/Testing_Images/Pineapple/Pineapple-267_100.jpg,0.9534547328948975,1,1,True
46,Input_Files/Testing_Images/NotPineapple/Banana-160_100.jpg,-0.597344160079956,0,0,True
47,Input_Files/Testing_Images/Pineapple/Pineapple-321_100.jpg,0.9517455101013184,1,1,True
48,Input_Files/Testing_Images/Pineapple/Pineapple-213_100.jpg,0.9386176466941833,1,1,True
49,Input_Files/Testing_Images/NotPineapple/Guava-r_141_100.jpg,0.6358293294906616,1,0,False
50,Input_Files/Testing_Images/Pineapple/Pineapple-r_127_100.jpg,0.91791170835495,1,1,True
51,Input_Files/Testing_Images/NotPineapple/Apple_Golden_1-r_56_100.jpg,-0.5898948311805725,0,0,True
52,Input_Files/Testing_Images/Pineapple/Pineapple-r_200_100.jpg,0.9255477786064148,1,1,True
53,Input_Files/Testing_Images/Pineapple/Pineapple-18_100.jpg,0.95209139585495,1,1,True
54,Input_Files/Testing_Images/Pineapple/Pineapple-223_100.jpg,0.934328019618988,1,1,True
55,Input_Files/Testing_Images/NotPineapple/Cocos-r_138_100.jpg,0.8064266443252563,1,0,False
56,Input_Files/Testing_Images/Pineapple/Pineapple-289_100.jpg,0.9507343769073486,1,1,True
57,Input_Files/Testing_Images/NotPineapple/Papaya-84_100.jpg,-0.5074804425239563,0,0,True
58,Input_Files/Testing_Images/Pineapple/Pineapple-r_212_100.jpg,0.8974989056587219,1,1,True
59,Input_Files/Testing_Images/Pineapple/Pineapple-r_213_100.jpg,0.8978662490844727,1,1,True
60,Input_Files/Testing_Images/NotPineapple/Grape_White-r_269_100.jpg,-0.8009258508682251,0,0,True
61,Input_Files/Testing_Images/Pineapple/Pineapple-323_100.jpg,0.9513162970542908,1,1,True
62,Input_Files/Testing_Images/Pineapple/Pineapple-25_100.jpg,0.9574381709098816,1,1,True
63,Input_Files/Testing_Images/NotPineapple/Pomegranate-59_100.jpg,0.6766734719276428,1,0,False
64,Input_Files/Testing_Images/NotPineapple/Carambula-r_269_100.jpg,-0.8531068563461304,0,0,True
65,Input_Files/Testing_Images/NotPineapple/Plum-5_100.jpg,0.9052269458770752,1,0,False
66,Input_Files/Testing_Images/Pineapple/Pineapple-97_100.jpg,0.9449197053909302,1,1,True
67,Input_Files/Testing_Images/NotPineapple/Guava-52_100.jpg,0.5568606853485107,1,0,False
68,Input_Files/Testing_Images/Pineapple/Pineapple-r_131_100.jpg,0.9257189631462097,1,1,True
69,Input_Files/Testing_Images/Pineapple/Pineapple-242_100.jpg,0.9405957460403442,1,1,True
70,Input_Files/Testing_Images/Pineapple/Pineapple-309_100.jpg,0.9511127471923828,1,1,True
71,Input_Files/Testing_Images/Pineapple/Pineapple-195_100.jpg,0.9238994717597961,1,1,True
72,Input_Files/Testing_Images/NotPineapple/Cocos-290_100.jpg,0.5947895050048828,1,0,False
73,Input_Files/Testing_Images/NotPineapple/Grapefruit_Pink-r_221_100.jpg,-0.570483922958374,0,0,True
74,Input_Files/Testing_Images/Pineapple/Pineapple-r_108_100.jpg,0.898097813129425,1,1,True
75,Input_Files/Testing_Images/NotPineapple/Carambula-140_100.jpg,-0.8082001805305481,0,0,True
76,Input_Files/Testing_Images/Pineapple/Pineapple-r_113_100.jpg,0.9036887884140015,1,1,True
77,Input_Files/Testing_Images/NotPineapple/Raspberry-r_248_100.jpg,-0.5343540906906128,0,0,True
78,Input_Files/Testing_Images/Pineapple/Pineapple-12_100.jpg,0.9543911814689636,1,1,True
79,Input_Files/Testing_Images/Pineapple/Pineapple-236_100.jpg,0.9277836680412292,1,1,True
80,Input_Files/Testing_Images/Pineapple/Pineapple-r_210_100.jpg,0.9023392796516418,1,1,True
81,Input_Files/Testing_Images/NotPineapple/Quince-314_100.jpg,-0.8618083596229553,0,0,True
82,Input_Files/Testing_Images/NotPineapple/Maracuja-7_100.jpg,-0.9855255484580994,0,0,True
83,Input_Files/Testing_Images/Pineapple/Pineapple-r_199_100.jpg,0.9307904243469238,1,1,True
84,Input_Files/Testing_Images/Pineapple/Pineapple-r_58_100.jpg,0.8950073719024658,1,1,True
85,Input_Files/Testing_Images/Pineapple/Pineapple-144_100.jpg,0.960708498954773,1,1,True
86,Input_Files/Testing_Images/Pineapple/Pineapple-r_83_100.jpg,0.9285263419151306,1,1,True
87,Input_Files/Testing_Images/NotPineapple/Papaya-r_49_100.jpg,0.5816569924354553,1,0,False
88,Input_Files/Testing_Images/NotPineapple/Apple_Red_Yellow-r_9_100.jpg,0.7217085957527161,1,0,False
89,Input_Files/Testing_Images/Pineapple/Pineapple-226_100.jpg,0.9364241361618042,1,1,True
90,Input_Files/Testing_Images/Pineapple/Pineapple-r_206_100.jpg,0.9154806733131409,1,1,True
91,Input_Files/Testing_Images/Pineapple/Pineapple-r_207_100.jpg,0.9125766158103943,1,1,True
92,Input_Files/Testing_Images/Pineapple/Pineapple-75_100.jpg,0.9535122513771057,1,1,True
93,Input_Files/Testing_Images/NotPineapple/Limes-r_214_100.jpg,-0.5172364115715027,0,0,True
94,Input_Files/Testing_Images/Pineapple/Pineapple-r_198_100.jpg,0.9333236813545227,1,1,True
95,Input_Files/Testing_Images/Pineapple/Pineapple-r_237_100.jpg,0.9039636254310608,1,1,True
96,Input_Files/Testing_Images/Pineapple/Pineapple-r_275_100.jpg,0.8648034334182739,1,1,True
97,Input_Files/Testing_Images/NotPineapple/Limes-r_47_100.jpg,0.6690348386764526,1,0,False
98,Input_Files/Testing_Images/NotPineapple/Grape_White-67_100.jpg,-0.8177884221076965,0,0,True
99,Input_Files/Testing_Images/NotPineapple/Grape_Pink-r_73_100.jpg,0.7880033254623413,1,0,False
100,Input_Files/Testing_Images/NotPineapple/Mandarine-260_100.jpg,-0.5395622253417969,0,0,True
101,Input_Files/Testing_Images/Pineapple/Pineapple-220_100.jpg,0.9330780506134033,1,1,True
102,Input_Files/Testing_Images/NotPineapple/Apple_Red_2-59_100.jpg,0.5610690712928772,1,0,False
103,Input_Files/Testing_Images/NotPineapple/Grape_White_2-19_100.jpg,-0.8299163579940796,0,0,True
104,Input_Files/Testing_Images/NotPineapple/Grapefruit_Pink-272_100.jpg,-0.6446049809455872,0,0,True
105,Input_Files/Testing_Images/NotPineapple/Banana_Red-r_127_100.jpg,-0.8630080223083496,0,0,True
106,Input_Files/Testing_Images/NotPineapple/Pomegranate-62_100.jpg,0.7386054396629333,1,0,False
107,Input_Files/Testing_Images/NotPineapple/Plum-r_62_100.jpg,0.7743509411811829,1,0,False
108,Input_Files/Testing_Images/NotPineapple/Grapefruit_White-57_100.jpg,-0.7564964294433594,0,0,True
109,Input_Files/Testing_Images/NotPineapple/Passion_Fruit-r_298_100.jpg,0.6845382452011108,1,0,False
110,Input_Files/Testing_Images/NotPineapple/Apricot-96_100.jpg,-0.8390875458717346,0,0,True
111,Input_Files/Testing_Images/Pineapple/Pineapple-r_220_100.jpg,0.9033511281013489,1,1,True
112,Input_Files/Testing_Images/NotPineapple/Raspberry-r_121_100.jpg,-0.5254636406898499,0,0,True
113,Input_Files/Testing_Images/NotPineapple/Apple_Red_Delicious-r_15_100.jpg,0.8114326596260071,1,0,False
114,Input_Files/Testing_Images/Pineapple/Pineapple-269_100.jpg,0.9581558108329773,1,1,True
115,Input_Files/Testing_Images/NotPineapple/Raspberry-r_103_100.jpg,-0.5331154465675354,0,0,True
116,Input_Files/Testing_Images/NotPineapple/Papaya-323_100.jpg,-0.5626043677330017,0,0,True
117,Input_Files/Testing_Images/NotPineapple/Litchi-51_100.jpg,-0.5577095150947571,0,0,True
118,Input_Files/Testing_Images/Pineapple/Pineapple-311_100.jpg,0.9548813700675964,1,1,True
119,Input_Files/Testing_Images/NotPineapple/Passion_Fruit-r_321_100.jpg,0.687842845916748,1,0,False
120,Input_Files/Testing_Images/NotPineapple/Apple_Red_Delicious-r_286_100.jpg,0.8016971945762634,1,0,False
121,Input_Files/Testing_Images/Pineapple/Pineapple-r_218_100.jpg,0.8970909714698792,1,1,True
122,Input_Files/Testing_Images/Pineapple/Pineapple-r_219_100.jpg,0.8850405216217041,1,1,True
123,Input_Files/Testing_Images/Pineapple/Pineapple-300_100.jpg,0.9551728963851929,1,1,True
124,Input_Files/Testing_Images/NotPineapple/Raspberry-88_100.jpg,0.5275733470916748,1,0,False
125,Input_Files/Testing_Images/NotPineapple/Cherry-98_100.jpg,-0.9880082607269287,0,0,True
126,Input_Files/Testing_Images/NotPineapple/Avocado-88_100.jpg,-0.5953722596168518,0,0,True
127,Input_Files/Testing_Images/Pineapple/Pineapple-r_77_100.jpg,0.9212675094604492,1,1,True
128,Input_Files/Testing_Images/Pineapple/Pineapple-r_223_100.jpg,0.9079899787902832,1,1,True
129,Input_Files/Testing_Images/NotPineapple/Grape_White-269_100.jpg,-0.8329852819442749,0,0,True
130,Input_Files/Testing_Images/NotPineapple/Pear-39_100.jpg,-0.5329846739768982,0,0,True
131,Input_Files/Testing_Images/Pineapple/Pineapple-266_100.jpg,0.9539961218833923,1,1,True
132,Input_Files/Testing_Images/NotPineapple/Apple_Red_3-r_82_100.jpg,0.7292773127555847,1,0,False
133,Input_Files/Testing_Images/NotPineapple/Pepino-216_100.jpg,-0.8635967969894409,0,0,True
134,Input_Files/Testing_Images/NotPineapple/Dates-111_100.jpg,-0.6131535768508911,0,0,True
135,Input_Files/Testing_Images/NotPineapple/Tamarillo-r_308_100.jpg,-0.9830518960952759,0,0,True
136,Input_Files/Testing_Images/Pineapple/Pineapple-r_62_100.jpg,0.9021003842353821,1,1,True
137,Input_Files/Testing_Images/Pineapple/Pineapple-r_205_100.jpg,0.9144700169563293,1,1,True
138,Input_Files/Testing_Images/Pineapple/Pineapple-r_277_100.jpg,0.8690542578697205,1,1,True
139,Input_Files/Testing_Images/Pineapple/Pineapple-r_227_100.jpg,0.9001286029815674,1,1,True
140,Input_Files/Testing_Images/NotPineapple/Pear-r_58_100.jpg,0.6839385628700256,1,0,False
141,Input_Files/Testing_Images/Pineapple/Pineapple-r_71_100.jpg,0.9160659313201904,1,1,True
142,Input_Files/Testing_Images/Pineapple/Pineapple-r_274_100.jpg,0.8636441230773926,1,1,True
143,Input_Files/Testing_Images/NotPineapple/Pear_Abate-282_100.jpg,-0.5585737824440002,0,0,True
144,Input_Files/Testing_Images/NotPineapple/Banana-r_213_100.jpg,-0.7899103760719299,0,0,True
145,Input_Files/Testing_Images/Pineapple/Pineapple-3_100.jpg,0.9518352746963501,1,1,True
146,Input_Files/Testing_Images/NotPineapple/Maracuja-r_179_100.jpg,-0.8886464238166809,0,0,True
147,Input_Files/Testing_Images/NotPineapple/Grapefruit_White-r_70_100.jpg,-0.8004761338233948,0,0,True
148,Input_Files/Testing_Images/Pineapple/Pineapple-r_217_100.jpg,0.8955965042114258,1,1,True
149,Input_Files/Testing_Images/NotPineapple/Papaya-50_100.jpg,0.5396278500556946,1,0,False
150,Input_Files/Testing_Images/Pineapple/Pineapple-206_100.jpg,0.9425116181373596,1,1,True
151,Input_Files/Testing_Images/Pineapple/Pineapple-r_271_100.jpg,0.8612362146377563,1,1,True
152,Input_Files/Testing_Images/Pineapple/Pineapple-274_100.jpg,0.9578465223312378,1,1,True
153,Input_Files/Testing_Images/Pineapple/Pineapple-275_100.jpg,0.9575291275978088,1,1,True
154,Input_Files/Testing_Images/Pineapple/Pineapple-8_100.jpg,0.9517896771430969,1,1,True
155,Input_Files/Testing_Images/Pineapple/Pineapple-231_100.jpg,0.9152002334594727,1,1,True
156,Input_Files/Testing_Images/NotPineapple/Litchi-62_100.jpg,-0.5576207041740417,0,0,True
157,Input_Files/Testing_Images/NotPineapple/Raspberry-82_100.jpg,0.5327259302139282,1,0,False
158,Input_Files/Testing_Images/Pineapple/Pineapple-r_144_100.jpg,0.9421921372413635,1,1,True
159,Input_Files/Testing_Images/NotPineapple/Apricot-r_34_100.jpg,-0.8520541787147522,0,0,True
160,Input_Files/Testing_Images/Pineapple/Pineapple-r_118_100.jpg,0.9075696468353271,1,1,True
161,Input_Files/Testing_Images/NotPineapple/Kiwi-r_41_100.jpg,0.7323588728904724,1,0,False
162,Input_Files/Testing_Images/Pineapple/Pineapple-r_106_100.jpg,0.8938875198364258,1,1,True
163,Input_Files/Testing_Images/NotPineapple/Apricot-r_77_100.jpg,-0.7519863247871399,0,0,True
164,Input_Files/Testing_Images/NotPineapple/Limes-r_67_100.jpg,0.5682910084724426,1,0,False
165,Input_Files/Testing_Images/Pineapple/Pineapple-r_149_100.jpg,0.9351160526275635,1,1,True
166,Input_Files/Testing_Images/NotPineapple/Grapefruit_Pink-r_219_100.jpg,-0.5720927715301514,0,0,True
167,Input_Files/Testing_Images/Pineapple/Pineapple-13_100.jpg,0.9536991715431213,1,1,True
168,Input_Files/Testing_Images/Pineapple/Pineapple-r_126_100.jpg,0.9200506806373596,1,1,True
169,Input_Files/Testing_Images/NotPineapple/Grapefruit_White-r_85_100.jpg,-0.7733740210533142,0,0,True
170,Input_Files/Testing_Images/Pineapple/Pineapple-227_100.jpg,0.925545334815979,1,1,True
171,Input_Files/Testing_Images/NotPineapple/Litchi-r_192_100.jpg,-0.5798566937446594,0,0,True
172,Input_Files/Testing_Images/NotPineapple/Pear_Abate-240_100.jpg,-0.6472231149673462,0,0,True
173,Input_Files/Testing_Images/NotPineapple/Apple_Red_1-82_100.jpg,0.8062118291854858,1,0,False
174,Input_Files/Testing_Images/NotPineapple/Strawberry-79_100.jpg,-0.8015864491462708,0,0,True
175,Input_Files/Testing_Images/NotPineapple/Apple_Red_3-68_100.jpg,0.7839484214782715,1,0,False
176,Input_Files/Testing_Images/NotPineapple/Grape_Pink-r_56_100.jpg,0.7651265263557434,1,0,False
177,Input_Files/Testing_Images/Pineapple/Pineapple-r_191_100.jpg,0.9426944255828857,1,1,True
178,Input_Files/Testing_Images/NotPineapple/Litchi-3_100.jpg,-0.5498563051223755,0,0,True
179,Input_Files/Testing_Images/NotPineapple/Avocado_ripe-r_183_100.jpg,0.6207498908042908,1,0,False
180,Input_Files/Testing_Images/Pineapple/Pineapple-177_100.jpg,0.947557270526886,1,1,True
181,Input_Files/Testing_Images/Pineapple/Pineapple-238_100.jpg,0.9321218132972717,1,1,True
182,Input_Files/Testing_Images/Pineapple/Pineapple-24_100.jpg,0.9543247222900391,1,1,True
183,Input_Files/Testing_Images/NotPineapple/Banana-r_46_100.jpg,-0.8390732407569885,0,0,True
184,Input_Files/Testing_Images/Pineapple/Pineapple-221_100.jpg,0.9357434511184692,1,1,True
185,Input_Files/Testing_Images/Pineapple/Pineapple-r_215_100.jpg,0.8930274844169617,1,1,True
186,Input_Files/Testing_Images/Pineapple/Pineapple-r_111_100.jpg,0.9023146033287048,1,1,True
187,Input_Files/Testing_Images/NotPineapple/Limes-165_100.jpg,-0.5038340091705322,0,0,True
188,Input_Files/Testing_Images/NotPineapple/Mango-302_100.jpg,0.716652512550354,1,0,False
189,Input_Files/Testing_Images/NotPineapple/Kiwi-50_100.jpg,0.5469846725463867,1,0,False
190,Input_Files/Testing_Images/NotPineapple/Plum-r_61_100.jpg,0.7559199929237366,1,0,False
191,Input_Files/Testing_Images/Pineapple/Pineapple-r_117_100.jpg,0.9135341644287109,1,1,True
192,Input_Files/Testing_Images/NotPineapple/Passion_Fruit-146_100.jpg,0.7274447083473206,1,0,False
193,Input_Files/Testing_Images/NotPineapple/Grape_White-r_87_100.jpg,-0.7789180874824524,0,0,True
194,Input_Files/Testing_Images/NotPineapple/Huckleberry-10_100.jpg,0.7973253130912781,1,0,False
195,Input_Files/Testing_Images/NotPineapple/Apple_Golden_2-r_99_100.jpg,-0.514270544052124,0,0,True
196,Input_Files/Testing_Images/Pineapple/Pineapple-r_107_100.jpg,0.8945087194442749,1,1,True
197,Input_Files/Testing_Images/Pineapple/Pineapple-253_100.jpg,0.9495130777359009,1,1,True
198,Input_Files/Testing_Images/Pineapple/Pineapple-190_100.jpg,0.927191436290741,1,1,True
199,Input_Files/Testing_Images/Pineapple/Pineapple-313_100.jpg,0.9563817381858826,1,1,True
200,Input_Files/Testing_Images/Pineapple/Pineapple-r_211_100.jpg,0.9050068259239197,1,1,True
201,Input_Files/Testing_Images/Pineapple/Pineapple-302_100.jpg,0.9504477381706238,1,1,True
202,Input_Files/Testing_Images/Pineapple/Pineapple-r_201_100.jpg,0.9160407185554504,1,1,True
203,Input_Files/Testing_Images/Pineapple/Pineapple-r_202_100.jpg,0.9179118275642395,1,1,True
204,Input_Files/Testing_Images/Pineapple/Pineapple-276_100.jpg,0.9552011489868164,1,1,True
205,Input_Files/Testing_Images/NotPineapple/Maracuja-r_207_100.jpg,-0.9959194660186768,0,0,True
206,Input_Files/Testing_Images/NotPineapple/Apple_Red_3-72_100.jpg,0.7942811846733093,1,0,False
207,Input_Files/Testing_Images/Pineapple/Pineapple-r_222_100.jpg,0.9067777395248413,1,1,True
208,Input_Files/Testing_Images/Pineapple/Pineapple-194_100.jpg,0.924822986125946,1,1,True
209,Input_Files/Testing_Images/Pineapple/Pineapple-r_216_100.jpg,0.894684374332428,1,1,True
210,Input_Files/Testing_Images/NotPineapple/Pear-97_100.jpg,-0.5854260325431824,0,0,True
211,Input_Files/Testing_Images/Pineapple/Pineapple-r_148_100.jpg,0.9340587854385376,1,1,True
212,Input_Files/Testing_Images/NotPineapple/Salak-r_302_100.jpg,0.5476574301719666,1,0,False
213,Input_Files/Testing_Images/NotPineapple/Apple_Red_Yellow-r_83_100.jpg,0.6589924097061157,1,0,False
214,Input_Files/Testing_Images/Pineapple/Pineapple-r_273_100.jpg,0.8647177815437317,1,1,True
215,Input_Files/Testing_Images/NotPineapple/Mango-r_271_100.jpg,0.8373220562934875,1,0,False
216,Input_Files/Testing_Images/NotPineapple/Strawberry-r_327_100.jpg,-0.8638160824775696,0,0,True
217,Input_Files/Testing_Images/NotPineapple/Nectarine-45_100.jpg,-0.8846930265426636,0,0,True
218,Input_Files/Testing_Images/Pineapple/Pineapple-r_282_100.jpg,0.8695545196533203,1,1,True
219,Input_Files/Testing_Images/Pineapple/Pineapple-r_209_100.jpg,0.906769871711731,1,1,True
220,Input_Files/Testing_Images/Pineapple/Pineapple-r_109_100.jpg,0.9010263681411743,1,1,True
221,Input_Files/Testing_Images/Pineapple/Pineapple-230_100.jpg,0.9157558083534241,1,1,True
222,Input_Files/Testing_Images/NotPineapple/Grape_White-r_139_100.jpg,-0.8162044882774353,0,0,True
223,Input_Files/Testing_Images/NotPineapple/Apple_Golden_2-4_100.jpg,-0.6934322118759155,0,0,True
224,Input_Files/Testing_Images/NotPineapple/Cherry-65_100.jpg,-0.9699751734733582,0,0,True
225,Input_Files/Testing_Images/NotPineapple/Papaya-83_100.jpg,-0.5158864259719849,0,0,True
226,Input_Files/Testing_Images/NotPineapple/Avocado-r_86_100.jpg,0.6167616248130798,1,0,False
227,Input_Files/Testing_Images/NotPineapple/Apple_Golden_1-68_100.jpg,0.5391314625740051,1,0,False
228,Input_Files/Testing_Images/NotPineapple/Apple_Granny_Smith-326_100.jpg,0.7347127795219421,1,0,False
229,Input_Files/Testing_Images/NotPineapple/Papaya-99_100.jpg,0.5074038505554199,1,0,False
230,Input_Files/Testing_Images/Pineapple/Pineapple-216_100.jpg,0.934546709060669,1,1,True
231,Input_Files/Testing_Images/Pineapple/Pineapple-r_115_100.jpg,0.907874345779419,1,1,True
232,Input_Files/Testing_Images/NotPineapple/Orange-48_100.jpg,-0.9989643096923828,0,0,True
233,Input_Files/Testing_Images/Pineapple/Pineapple-r_87_100.jpg,0.9370154142379761,1,1,True
234,Input_Files/Testing_Images/NotPineapple/Banana-22_100.jpg,-0.8062207698822021,0,0,True
235,Input_Files/Testing_Images/Pineapple/Pineapple-r_114_100.jpg,0.9141508936882019,1,1,True
236,Input_Files/Testing_Images/NotPineapple/Peach-r_47_100.jpg,0.7920927405357361,1,0,False
237,Input_Files/Testing_Images/NotPineapple/Pepino-47_100.jpg,-0.8586094975471497,0,0,True
238,Input_Files/Testing_Images/NotPineapple/Granadilla-r_29_100.jpg,-0.6242543458938599,0,0,True
239,Input_Files/Testing_Images/Pineapple/Pineapple-197_100.jpg,0.9246500134468079,1,1,True
240,Input_Files/Testing_Images/Pineapple/Pineapple-r_204_100.jpg,0.9233245849609375,1,1,True
241,Input_Files/Testing_Images/Pineapple/Pineapple-219_100.jpg,0.9353395700454712,1,1,True
242,Input_Files/Testing_Images/NotPineapple/Peach_Flat-r_326_100.jpg,0.7028851509094238,1,0,False
243,Input_Files/Testing_Images/NotPineapple/Grapefruit_Pink-r_185_100.jpg,-0.6313912868499756,0,0,True
244,Input_Files/Testing_Images/NotPineapple/Tamarillo-r_120_100.jpg,-0.9787471890449524,0,0,True
245,Input_Files/Testing_Images/NotPineapple/Apple_Red_1-r_53_100.jpg,0.9102163910865784,1,0,False
246,Input_Files/Testing_Images/Pineapple/Pineapple-304_100.jpg,0.9478429555892944,1,1,True
247,Input_Files/Testing_Images/Pineapple/Pineapple-237_100.jpg,0.9282462000846863,1,1,True
248,Input_Files/Testing_Images/Pineapple/Pineapple-198_100.jpg,0.9249206185340881,1,1,True
249,Input_Files/Testing_Images/NotPineapple/Peach_Flat-r_97_100.jpg,0.7724680304527283,1,0,False
250,Input_Files/Testing_Images/Pineapple/Pineapple-r_81_100.jpg,0.9330358505249023,1,1,True
251,Input_Files/Testing_Images/NotPineapple/Mandarine-r_99_100.jpg,-0.5349931716918945,0,0,True
252,Input_Files/Testing_Images/NotPineapple/Granadilla-r_16_100.jpg,-0.588786780834198,0,0,True
253,Input_Files/Testing_Images/NotPineapple/Limes-r_191_100.jpg,0.5577225685119629,1,0,False
254,Input_Files/Testing_Images/Pineapple/Pineapple-r_224_100.jpg,0.9014360308647156,1,1,True
255,Input_Files/Testing_Images/Pineapple/Pineapple-r_203_100.jpg,0.9220820069313049,1,1,True
256,Input_Files/Testing_Images/Pineapple/Pineapple-203_100.jpg,0.9411219954490662,1,1,True
257,Input_Files/Testing_Images/NotPineapple/Cactus_fruit-r_298_100.jpg,-0.5904695391654968,0,0,True
258,Input_Files/Testing_Images/NotPineapple/Litchi-48_100.jpg,-0.564579963684082,0,0,True
259,Input_Files/Testing_Images/NotPineapple/Apple_Golden_3-31_100.jpg,0.6376703381538391,1,0,False
260,Input_Files/Testing_Images/Pineapple/Pineapple-r_128_100.jpg,0.9182367920875549,1,1,True
261,Input_Files/Testing_Images/Pineapple/Pineapple-222_100.jpg,0.9347144365310669,1,1,True
262,Input_Files/Testing_Images/Pineapple/Pineapple-306_100.jpg,0.9459745287895203,1,1,True
263,Input_Files/Testing_Images/NotPineapple/Avocado_ripe-r_95_100.jpg,0.6128851175308228,1,0,False
264,Input_Files/Testing_Images/Pineapple/Pineapple-224_100.jpg,0.9328209757804871,1,1,True
265,Input_Files/Testing_Images/Pineapple/Pineapple-r_278_100.jpg,0.8702185153961182,1,1,True
266,Input_Files/Testing_Images/Pineapple/Pineapple-16_100.jpg,0.9534204602241516,1,1,True
267,Input_Files/Testing_Images/NotPineapple/Kiwi-r_61_100.jpg,0.6560983061790466,1,0,False
268,Input_Files/Testing_Images/NotPineapple/Pear_Abate-r_94_100.jpg,0.6584831476211548,1,0,False
269,Input_Files/Testing_Images/Pineapple/Pineapple-r_100_100.jpg,0.896023154258728,1,1,True
270,Input_Files/Testing_Images/NotPineapple/Banana_Red-179_100.jpg,-0.5757842659950256,0,0,True
271,Input_Files/Testing_Images/NotPineapple/Limes-r_45_100.jpg,0.6660450100898743,1,0,False
272,Input_Files/Testing_Images/NotPineapple/Apple_Red_1-r_95_100.jpg,0.8552019000053406,1,0,False
273,Input_Files/Testing_Images/Pineapple/Pineapple-r_119_100.jpg,0.9003015160560608,1,1,True
274,Input_Files/Testing_Images/Pineapple/Pineapple-215_100.jpg,0.9342836737632751,1,1,True
275,Input_Files/Testing_Images/Pineapple/Pineapple-243_100.jpg,0.9365377426147461,1,1,True
276,Input_Files/Testing_Images/Pineapple/Pineapple-r_129_100.jpg,0.9052116274833679,1,1,True
277,Input_Files/Testing_Images/Pineapple/Pineapple-9_100.jpg,0.9535651803016663,1,1,True
278,Input_Files/Testing_Images/Pineapple/Pineapple-r_190_100.jpg,0.9435023069381714,1,1,True
279,Input_Files/Testing_Images/Pineapple/Pineapple-270_100.jpg,0.9570297598838806,1,1,True
280,Input_Files/Testing_Images/Pineapple/Pineapple-r_120_100.jpg,0.9044800996780396,1,1,True
281,Input_Files/Testing_Images/Pineapple/Pineapple-22_100.jpg,0.953738808631897,1,1,True
282,Input_Files/Testing_Images/NotPineapple/Apple_Golden_2-r_36_100.jpg,-0.6863164305686951,0,0,True
283,Input_Files/Testing_Images/Pineapple/Pineapple-r_225_100.jpg,0.9023932814598083,1,1,True
284,Input_Files/Testing_Images/Pineapple/Pineapple-r_141_100.jpg,0.9448620080947876,1,1,True
285,Input_Files/Testing_Images/NotPineapple/Mango-264_100.jpg,0.6976668834686279,1,0,False
286,Input_Files/Testing_Images/Pineapple/Pineapple-99_100.jpg,0.9472225904464722,1,1,True
287,Input_Files/Testing_Images/Pineapple/Pineapple-r_130_100.jpg,0.9219657778739929,1,1,True
288,Input_Files/Testing_Images/Pineapple/Pineapple-189_100.jpg,0.9322513341903687,1,1,True
289,Input_Files/Testing_Images/NotPineapple/Raspberry-r_89_100.jpg,0.5581856966018677,1,0,False
290,Input_Files/Testing_Images/NotPineapple/Apple_Red_2-r_76_100.jpg,0.8547393679618835,1,0,False
291,Input_Files/Testing_Images/Pineapple/Pineapple-326_100.jpg,0.9536681175231934,1,1,True
292,Input_Files/Testing_Images/NotPineapple/Pear_Monster-107_100.jpg,-0.8609076142311096,0,0,True
293,Input_Files/Testing_Images/Pineapple/Pineapple-7_100.jpg,0.9507442116737366,1,1,True
294,Input_Files/Testing_Images/Pineapple/Pineapple-r_214_100.jpg,0.8957825899124146,1,1,True
295,Input_Files/Testing_Images/Pineapple/Pineapple-268_100.jpg,0.9564708471298218,1,1,True
296,Input_Files/Testing_Images/NotPineapple/Raspberry-79_100.jpg,0.5793977379798889,1,0,False
297,Input_Files/Testing_Images/NotPineapple/Apple_Golden_3-r_79_100.jpg,0.5562320947647095,1,0,False
298,Input_Files/Testing_Images/NotPineapple/Grape_White-96_100.jpg,-0.8327651023864746,0,0,True
299,Input_Files/Testing_Images/NotPineapple/Grapefruit_Pink-57_100.jpg,-0.6659383773803711,0,0,True
300,Input_Files/Testing_Images/NotPineapple/Carambula-97_100.jpg,-0.5953177213668823,0,0,True
301,Input_Files/Testing_Images/NotPineapple/Apple_Red_3-r_327_100.jpg,0.8516898155212402,1,0,False
302,Input_Files/Testing_Images/NotPineapple/Clementine-36_100.jpg,0.5622875094413757,1,0,False
303,Input_Files/Testing_Images/Pineapple/Pineapple-28_100.jpg,0.9623432755470276,1,1,True
304,Input_Files/Testing_Images/NotPineapple/Strawberry-81_100.jpg,-0.8207083940505981,0,0,True
305,Input_Files/Testing_Images/NotPineapple/Apple_Golden_1-86_100.jpg,0.5430819392204285,1,0,False
306,Input_Files/Testing_Images/NotPineapple/Avocado_ripe-r_105_100.jpg,0.587729811668396,1,0,False
307,Input_Files/Testing_Images/Pineapple/Pineapple-217_100.jpg,0.9294539093971252,1,1,True
308,Input_Files/Testing_Images/Pineapple/Pineapple-r_226_100.jpg,0.9013005495071411,1,1,True
309,Input_Files/Testing_Images/Pineapple/Pineapple-r_84_100.jpg,0.9342237710952759,1,1,True
310,Input_Files/Testing_Images/Pineapple/Pineapple-271_100.jpg,0.9580209851264954,1,1,True
311,Input_Files/Testing_Images/NotPineapple/Apple_Braeburn-r_37_100.jpg,0.8353689312934875,1,0,False
312,Input_Files/Testing_Images/NotPineapple/Huckleberry-246_100.jpg,0.7842738032341003,1,0,False
313,Input_Files/Testing_Images/NotPineapple/Peach-r_99_100.jpg,0.8806682229042053,1,0,False
314,Input_Files/Testing_Images/Pineapple/Pineapple-r_74_100.jpg,0.9266801476478577,1,1,True
315,Input_Files/Testing_Images/Pineapple/Pineapple-r_75_100.jpg,0.9266564249992371,1,1,True
316,Input_Files/Testing_Images/Pineapple/Pineapple-173_100.jpg,0.9429706931114197,1,1,True
317,Input_Files/Testing_Images/NotPineapple/Grape_White_2-r_61_100.jpg,-0.8632843494415283,0,0,True
318,Input_Files/Testing_Images/NotPineapple/Guava-r_257_100.jpg,0.6042219400405884,1,0,False
319,Input_Files/Testing_Images/Pineapple/Pineapple-r_88_100.jpg,0.9411555528640747,1,1,True
320,Input_Files/Testing_Images/Pineapple/Pineapple-17_100.jpg,0.9532968401908875,1,1,True
321,Input_Files/Testing_Images/Pineapple/Pineapple-15_100.jpg,0.9533153772354126,1,1,True
322,Input_Files/Testing_Images/Pineapple/Pineapple-r_208_100.jpg,0.9076666235923767,1,1,True
323,Input_Files/Testing_Images/Pineapple/Pineapple-r_155_100.jpg,0.9498640894889832,1,1,True
324,Input_Files/Testing_Images/Pineapple/Pineapple-218_100.jpg,0.9339247941970825,1,1,True
325,Input_Files/Testing_Images/NotPineapple/Apple_Red_3-50_100.jpg,0.6510835289955139,1,0,False
326,Input_Files/Testing_Images/NotPineapple/Cocos-r_165_100.jpg,0.7732877731323242,1,0,False
327,Input_Files/Testing_Images/NotPineapple/Pear_Monster-94_100.jpg,-0.8589975237846375,0,0,True
328,Input_Files/Testing_Images/Pineapple/Pineapple-234_100.jpg,0.9213995933532715,1,1,True
329,Input_Files/Testing_Images/NotPineapple/Cactus_fruit-46_100.jpg,-0.5651339888572693,0,0,True
330,Input_Files/Testing_Images/NotPineapple/Pear_Monster-r_219_100.jpg,-0.8768609762191772,0,0,True
331,Input_Files/Testing_Images/NotPineapple/Apple_Red_Yellow-32_100.jpg,0.725508987903595,1,0,False
